[
  {
    "id": 1,
    "title": "Vegan Oat Milk Espresso",
    "category": "Vegan",
    "description": "A bold shot of espresso with a splash of creamy oat milk for a balanced taste.",
    "price": 3.50,
    "rating": 4.6,
    "extra": "oat milk",
    "picUrl": ["https://ticosbakery.com/cdn/shop/products/ScreenShot2022-12-03at9.23.15PM.png?v=1670120628"]
  },
  {
    "id": 2,
    "title": "Dry Cappuccino",
    "category": null,
    "description": "A stronger coffee flavor with less steamed milk and more milk foam.",
    "price": 3.50,
    "rating": 4.7,
    "extra": "less milk, more foam",
    "picUrl": ["https://encrypted-tbn0.gstatic.com/images?q=tbn:ANd9GcSZJD-k4GKoyUG4gzhN947IUGlq_3JqMAyfnw&s"]
  },
  {
    "id": 3,
    "title": "Latte",
    "category": null,
    "description": "A smooth and milky coffee made with espresso and steamed milk.",
    "price": 4.50,
    "rating": 4.6,
    "extra": "with milk",
    "picUrl": ["https://upload.wikimedia.org/wikipedia/commons/thumb/d/d8/Caffe_Latte_at_Pulse_Cafe.jpg/1200px-Caffe_Latte_at_Pulse_Cafe.jpg"]
  },
  {
    "id": 1,
    "title": "Espresso Macchiato",
    "category": null,
    "description": "A rich espresso topped with a small amount of milk foam for a balanced taste.",
    "price": 3.00,
    "rating": 4.5,
    "extra": "light milk foam",
    "picUrl": ["https://www.nespresso.com/ncp/res/uploads/recipes/nespresso-recipes-Espresso-Macchiato.jpg"]
  },
  {
    "id": 1,
    "title": "Doppio",
    "category": null,
    "description": "A double shot of espresso, offering a rich and intense coffee experience.",
    "price": 3.50,
    "rating": 4.7,
    "extra": "strong flavor",
    "picUrl": ["https://encrypted-tbn0.gstatic.com/images?q=tbn:ANd9GcSmcIpDS4_ZS3x4AajImuWPAZXqWMHQtvGNXw&s"]
  },
  {
    "id": 2,
    "title": "Chocolate Cappuccino",
    "category": null,
    "description": "A delightful combination of cappuccino with a hint of chocolate, creating a rich and sweet flavor.",
    "price": 4.00,
    "rating": 4.8,
    "extra": "chocolate infused",
    "picUrl": ["https://images.arla.com/recordid/50DBD8B5-C1D3-4A65-9C6FE930738BCB6D/cocoa-cappuccino.jpg?width=1200&height=630&mode=crop&format=jpg"]
  },
  {
    "id": 2,
    "title": "Iced Cappuccino",
    "category": null,
    "description": "A refreshing iced version of the classic cappuccino, served with cold milk and ice.",
    "price": 4.00,
    "rating": 4.6,
    "extra": "served cold",
    "picUrl": ["https://images.ctfassets.net/v601h1fyjgba/1eje3eJjFrd8FkYxT2jniv/1bd8c902f5e48d95fdd3183c9993ed04/Lite_Iced_Cappuccino_Hi__1_.jpg"]
  },
  {
    "id": 3,
    "title": "Caramel Latte",
    "category": null,
    "description": "A rich espresso-based latte blended with caramel syrup, topped with a drizzle of caramel.",
    "price": 4.50,
    "rating": 4.9,
    "extra": "caramel syrup",
    "picUrl": ["https://encrypted-tbn0.gstatic.com/images?q=tbn:ANd9GcSfTQDD011TStk6kdiPYBvQydahqPIPdycIpA&s"]
  },
  {
    "id": 2,
    "title": "Vegan Cappuccino",
    "category": "Vegan",
    "description": "A plant-based cappuccino made with espresso, steamed oat milk, and a thick layer of milk foam.",
    "price": 4.00,
    "rating": 4.7,
    "extra": "oat milk",
    "picUrl": ["https://i.ytimg.com/vi/Q_l0NK2xKzg/hq720.jpg?sqp=-oaymwEhCK4FEIIDSFryq4qpAxMIARUAAAAAGAElAADIQj0AgKJD&rs=AOn4CLAsLMPSQp2b_QZ50FYwkid5l50drw"]
  },
  {
    "id": 3,
    "title": "Vegan Almond Latte",
    "category": "Vegan",
    "description": "A smooth and creamy latte made with almond milk for a nutty flavor.",
    "price": 4.50,
    "rating": 4.8,
    "extra": "almond milk",
    "picUrl": ["https://nutriciously.com/wp-content/uploads/Almond-Milk-Latte-by-Nutriciously-4.jpg"]
  }
]
